{"pystone": {"native": 0.286215, "firefox": 1.547, "chrome": 2.415}, "rosen": {"native": 0.42930456872731654, "firefox": 0.4429090909090911, "chrome": 0.5190181818181824}, "mandel": {"native": 0.19895029727269337, "firefox": 1.437545454545455, "chrome": 2.360181818363636}, "arc_distance": {"native": 0.04322381118183991, "firefox": 0.13663636363636364, "chrome": 0.3212909090909091}, "allpairs_distances": {"native": 0.6014679055454674, "firefox": 3.6459090909090914, "chrome": 8.420036363272727}, "diffusion": {"native": 0.547640281363618, "firefox": 1.9243636363636367, "chrome": 3.223272727363636}, "pairwise": {"native": 0.07527377154544658, "firefox": 0.5353636363636366, "chrome": 1.2913818182727275}, "grayscott": {"native": 1.3389998752728305, "firefox": 7.1978181818181834, "chrome": 10.192836363636365}, "local_maxima": {"native": 0.4916708150908562, "firefox": 2.9821818181818185, "chrome": 6.557809090909092}, "fdtd": {"native": 0.07942243790909163, "firefox": 0.5628181818181818, "chrome": 1.4839545454545457}, "reverse_cumsum": {"native": 0.10901305463643109, "firefox": 0.10999999999999975, "chrome": 0.11316363636363609}, "growcut": {"native": 0.08836469209100786, "firefox": 0.5792727272727273, "chrome": 1.3921818185454546}, "repeating": {"native": 0.07236451172721817, "firefox": 0.22681818181818175, "chrome": 0.5086545451818184}, "julia": {"native": 0.3122596380908776, "firefox": 2.215181818181818, "chrome": 6.348781818181819}, "check_mask": {"native": 0.02602516209092507, "firefox": 0.1798181818181818, "chrome": 0.6904272725454547}, "hasting": {"native": 0.00016252027266587405, "firefox": 0.0009090909090910512, "chrome": 0.0027090908181816335}, "conv": {"native": 0.14281172227286085, "firefox": 0.7919999999999999, "chrome": 1.8661181816363637}, "vibr_energy": {"native": 0.08819516636359284, "firefox": 0.33909090909090905, "chrome": 0.7250363639090907}, "periodic_dist": {"native": 0.06655762163642397, "firefox": 0.26336363636363624, "chrome": 0.5248181816363634}, "multiple_sum": {"native": 0.07889905154545639, "firefox": 0.2969999999999999, "chrome": 0.5273818182727269}, "lstsqr": {"native": 0.28665568472731384, "firefox": 0.2675454545454544, "chrome": 0.3165909090909089}, "wdist": {"native": 0.02475901945465673, "firefox": 0.15890909090909086, "chrome": 0.4137454546363635}, "slowparts": {"native": 0.12468077090914614, "firefox": 0.6137272727272727, "chrome": 1.5733363634545456}, "l2norm": {"native": 0.09296659045453866, "firefox": 0.21981818181818208, "chrome": 0.21413636345454587}, "wave": {"native": 0.040068908545394646, "firefox": 0.2531818181818182, "chrome": 0.8028454545454546}, "specialconvolve": {"native": 0.3037920120909803, "firefox": 0.40181818181818163, "chrome": 0.6106090910909089}, "grouping": {"native": 0.07786108381816864, "firefox": 0.3813636363636363, "chrome": 0.7953818179090907}, "cronbach": {"native": 0.06015369736360299, "firefox": 0.11836363636363641, "chrome": 0.16789090899999992}, "create_grid": {"native": 0.13291900718178856, "firefox": 0.18918181818181815, "chrome": 0.3647545456363638}, "allpairs_distances_loops": {"native": 0.661765899545406, "firefox": 3.115727272727274, "chrome": 6.833527272727273}, "log_likelihood": {"native": 0.19188026818177273, "firefox": 0.47572727272727283, "chrome": 1.1717000000000004}, "harris": {"native": 0.3990172614545289, "firefox": 0.30700000000000005, "chrome": 0.6575363638181826}, "smoothing": {"native": 2.2838727008175656e-05, "firefox": 9.090909090904053e-05, "chrome": 0.00030909118181813}, "evolve": {"native": 0.20265055945467544, "firefox": 0.2609999999999999, "chrome": 0.28948181818181823}}