{"pystone": {"native": 0.284605, "firefox": 1.514, "chrome": 6.413}, "rosen": {"native": 0.4321939054546171, "firefox": 0.4205454545454544, "chrome": 0.4777999998181818}, "mandel": {"native": 0.19522342972719675, "firefox": 0.966090909090909, "chrome": 5.279081818181819}, "arc_distance": {"native": 0.04233630209099912, "firefox": 0.1375454545454546, "chrome": 0.3087909091818179}, "allpairs_distances": {"native": 0.5788677393634729, "firefox": 3.7656363636363634, "chrome": 12.609245454272726}, "diffusion": {"native": 0.792487909454642, "firefox": 2.2640909090909087, "chrome": 4.496945454545456}, "pairwise": {"native": 0.07678705572743638, "firefox": 0.5228181818181818, "chrome": 1.8446454546363642}, "grayscott": {"native": 1.3525989191818801, "firefox": 7.5391818181818175, "chrome": 10.836545454727274}, "local_maxima": {"native": 0.606414804909119, "firefox": 3.326454545454545, "chrome": 12.11349090936364}, "fdtd": {"native": 0.08780203036365658, "firefox": 0.6400909090909092, "chrome": 2.551781818363636}, "reverse_cumsum": {"native": 0.11059229027292035, "firefox": 0.1270000000000002, "chrome": 0.11497272727272723}, "growcut": {"native": 0.0898896480908165, "firefox": 0.5760000000000001, "chrome": 2.362127272454546}, "repeating": {"native": 0.06430253336376071, "firefox": 0.23090909090909098, "chrome": 0.7714363636363636}, "julia": {"native": 0.3161427246362688, "firefox": 2.3009999999999997, "chrome": 9.796118182}, "check_mask": {"native": 0.0272852459999988, "firefox": 0.18699999999999994, "chrome": 0.3656272724545451}, "hasting": {"native": 0.00016198127261966212, "firefox": 0.0010000000000000917, "chrome": 0.0035090909999999035}, "conv": {"native": 0.14160419272717595, "firefox": 0.7514545454545456, "chrome": 2.9792727272727277}, "vibr_energy": {"native": 0.07308981409071501, "firefox": 0.39281818181818157, "chrome": 0.8478727273636363}, "periodic_dist": {"native": 0.14300663699974725, "firefox": 0.4518181818181814, "chrome": 0.6150818183636365}, "multiple_sum": {"native": 0.07048611136368974, "firefox": 0.30463636363636387, "chrome": 0.5136090907272733}, "lstsqr": {"native": 0.23794269945425517, "firefox": 0.2016363636363638, "chrome": 0.28012727309090907}, "wdist": {"native": 0.028688030091209592, "firefox": 0.1486363636363637, "chrome": 0.32435454572727324}, "slowparts": {"native": 0.09976828945450093, "firefox": 0.6012727272727274, "chrome": 1.3023181820909089}, "l2norm": {"native": 0.06980440836377966, "firefox": 0.1551818181818181, "chrome": 0.14644545454545455}, "wave": {"native": 0.029186335363688573, "firefox": 0.25881818181818184, "chrome": 0.6281090910909093}, "specialconvolve": {"native": 0.2534868068184799, "firefox": 0.423272727272727, "chrome": 0.5681000002727274}, "grouping": {"native": 0.06125599518170268, "firefox": 0.39309090909090916, "chrome": 0.8955181817272727}, "cronbach": {"native": 0.10017708381796679, "firefox": 0.23063636363636372, "chrome": 0.2893545452727271}, "create_grid": {"native": 0.25843725499990716, "firefox": 0.2768181818181818, "chrome": 0.27304545481818143}, "allpairs_distances_loops": {"native": 0.7002711727272981, "firefox": 2.5223636363636364, "chrome": 4.77939090909091}, "log_likelihood": {"native": 0.15811024009086727, "firefox": 0.47072727272727255, "chrome": 0.9417727272727273}, "harris": {"native": 0.3208177060904828, "firefox": 0.23718181818181835, "chrome": 0.3294454546363634}, "smoothing": {"native": 2.9798818518016063e-05, "firefox": 0.0001818181818181618, "chrome": 0.0003454546363638077}, "evolve": {"native": 0.11969872090908625, "firefox": 0.17, "chrome": 0.2197363636363641}}